Año,Trimestre,Provincia,internet_hogares_porcentual,Periodo
2022,3,Buenos Aires,78.11,22-T3
2022,3,Capital Federal,122.28,22-T3
2022,3,Catamarca,65.33,22-T3
2022,3,Chaco,43.86,22-T3
2022,3,Chubut,84.38,22-T3
2022,3,Córdoba,88.31,22-T3
2022,3,Corrientes,48.21,22-T3
2022,3,Entre Ríos,63.67,22-T3
2022,3,Formosa,43.76,22-T3
2022,3,Jujuy,58.91,22-T3
2022,3,La Pampa,96.59,22-T3
2022,3,La Rioja,80.66,22-T3
2022,3,Mendoza,51.03,22-T3
2022,3,Misiones,51.82,22-T3
2022,3,Neuquén,80.37,22-T3
2022,3,Río Negro,67.98,22-T3
2022,3,Salta,57.76,22-T3
2022,3,San Juan,50.8,22-T3
2022,3,San Luis,81.74,22-T3
2022,3,Santa Cruz,43.19,22-T3
2022,3,Santa Fe,78.55,22-T3
2022,3,Santiago Del Estero,47.98,22-T3
2022,3,Tierra Del Fuego,99.51,22-T3
2022,3,Tucumán,61.14,22-T3
2022,2,Buenos Aires,77.58,22-T2
2022,2,Capital Federal,121.31,22-T2
2022,2,Catamarca,62.4,22-T2
2022,2,Chaco,43.79,22-T2
2022,2,Chubut,83.19,22-T2
2022,2,Córdoba,87.48,22-T2
2022,2,Corrientes,48.35,22-T2
2022,2,Entre Ríos,63.9,22-T2
2022,2,Formosa,43.42,22-T2
2022,2,Jujuy,57.32,22-T2
2022,2,La Pampa,92.98,22-T2
2022,2,La Rioja,80.14,22-T2
2022,2,Mendoza,49.39,22-T2
2022,2,Misiones,51.0,22-T2
2022,2,Neuquén,80.02,22-T2
2022,2,Río Negro,67.85,22-T2
2022,2,Salta,57.54,22-T2
2022,2,San Juan,49.46,22-T2
2022,2,San Luis,81.76,22-T2
2022,2,Santa Cruz,43.15,22-T2
2022,2,Santa Fe,77.9,22-T2
2022,2,Santiago Del Estero,47.7,22-T2
2022,2,Tierra Del Fuego,99.86,22-T2
2022,2,Tucumán,59.31,22-T2
2022,1,Buenos Aires,76.08,22-T1
2022,1,Capital Federal,111.8,22-T1
2022,1,Catamarca,58.21,22-T1
2022,1,Chaco,44.06,22-T1
2022,1,Chubut,88.05,22-T1
2022,1,Córdoba,85.76,22-T1
2022,1,Corrientes,47.64,22-T1
2022,1,Entre Ríos,63.7,22-T1
2022,1,Formosa,34.96,22-T1
2022,1,Jujuy,58.06,22-T1
2022,1,La Pampa,91.66,22-T1
2022,1,La Rioja,78.77,22-T1
2022,1,Mendoza,48.74,22-T1
2022,1,Misiones,49.04,22-T1
2022,1,Neuquén,74.17,22-T1
2022,1,Río Negro,67.04,22-T1
2022,1,Salta,56.11,22-T1
2022,1,San Juan,43.55,22-T1
2022,1,San Luis,80.72,22-T1
2022,1,Santa Cruz,43.34,22-T1
2022,1,Santa Fe,77.3,22-T1
2022,1,Santiago Del Estero,47.17,22-T1
2022,1,Tierra Del Fuego,98.29,22-T1
2022,1,Tucumán,57.39,22-T1
2021,4,Buenos Aires,75.66,21-T4
2021,4,Capital Federal,111.27,21-T4
2021,4,Catamarca,55.25,21-T4
2021,4,Chaco,44.05,21-T4
2021,4,Chubut,82.57,21-T4
2021,4,Córdoba,84.51,21-T4
2021,4,Corrientes,45.51,21-T4
2021,4,Entre Ríos,63.16,21-T4
2021,4,Formosa,34.45,21-T4
2021,4,Jujuy,56.92,21-T4
2021,4,La Pampa,89.57,21-T4
2021,4,La Rioja,77.92,21-T4
2021,4,Mendoza,47.51,21-T4
2021,4,Misiones,49.06,21-T4
2021,4,Neuquén,73.3,21-T4
2021,4,Río Negro,65.69,21-T4
2021,4,Salta,56.81,21-T4
2021,4,San Juan,39.59,21-T4
2021,4,San Luis,80.3,21-T4
2021,4,Santa Cruz,43.05,21-T4
2021,4,Santa Fe,77.09,21-T4
2021,4,Santiago Del Estero,47.05,21-T4
2021,4,Tierra Del Fuego,98.4,21-T4
2021,4,Tucumán,55.93,21-T4
2021,3,Buenos Aires,71.68,21-T3
2021,3,Capital Federal,111.27,21-T3
2021,3,Catamarca,52.71,21-T3
2021,3,Chaco,42.96,21-T3
2021,3,Chubut,80.71,21-T3
2021,3,Córdoba,81.28,21-T3
2021,3,Corrientes,44.9,21-T3
2021,3,Entre Ríos,62.18,21-T3
2021,3,Formosa,33.96,21-T3
2021,3,Jujuy,55.69,21-T3
2021,3,La Pampa,84.28,21-T3
2021,3,La Rioja,77.26,21-T3
2021,3,Mendoza,45.55,21-T3
2021,3,Misiones,45.57,21-T3
2021,3,Neuquén,69.71,21-T3
2021,3,Río Negro,61.97,21-T3
2021,3,Salta,55.96,21-T3
2021,3,San Juan,39.46,21-T3
2021,3,San Luis,79.87,21-T3
2021,3,Santa Cruz,43.75,21-T3
2021,3,Santa Fe,75.02,21-T3
2021,3,Santiago Del Estero,47.0,21-T3
2021,3,Tierra Del Fuego,94.95,21-T3
2021,3,Tucumán,54.64,21-T3
2021,2,Buenos Aires,70.0,21-T2
2021,2,Capital Federal,110.14,21-T2
2021,2,Catamarca,52.34,21-T2
2021,2,Chaco,43.33,21-T2
2021,2,Chubut,72.29,21-T2
2021,2,Córdoba,80.12,21-T2
2021,2,Corrientes,43.54,21-T2
2021,2,Entre Ríos,61.66,21-T2
2021,2,Formosa,33.23,21-T2
2021,2,Jujuy,56.18,21-T2
2021,2,La Pampa,82.08,21-T2
2021,2,La Rioja,76.98,21-T2
2021,2,Mendoza,40.97,21-T2
2021,2,Misiones,45.01,21-T2
2021,2,Neuquén,69.14,21-T2
2021,2,Río Negro,61.94,21-T2
2021,2,Salta,54.93,21-T2
2021,2,San Juan,39.28,21-T2
2021,2,San Luis,83.48,21-T2
2021,2,Santa Cruz,44.01,21-T2
2021,2,Santa Fe,75.07,21-T2
2021,2,Santiago Del Estero,46.56,21-T2
2021,2,Tierra Del Fuego,67.89,21-T2
2021,2,Tucumán,54.93,21-T2
2021,1,Buenos Aires,69.11,21-T1
2021,1,Capital Federal,108.42,21-T1
2021,1,Catamarca,48.9,21-T1
2021,1,Chaco,43.14,21-T1
2021,1,Chubut,68.99,21-T1
2021,1,Córdoba,78.59,21-T1
2021,1,Corrientes,42.66,21-T1
2021,1,Entre Ríos,60.44,21-T1
2021,1,Formosa,32.73,21-T1
2021,1,Jujuy,55.63,21-T1
2021,1,La Pampa,81.78,21-T1
2021,1,La Rioja,49.81,21-T1
2021,1,Mendoza,39.15,21-T1
2021,1,Misiones,43.17,21-T1
2021,1,Neuquén,66.84,21-T1
2021,1,Río Negro,60.88,21-T1
2021,1,Salta,53.93,21-T1
2021,1,San Juan,39.06,21-T1
2021,1,San Luis,81.24,21-T1
2021,1,Santa Cruz,41.65,21-T1
2021,1,Santa Fe,73.92,21-T1
2021,1,Santiago Del Estero,45.67,21-T1
2021,1,Tierra Del Fuego,77.35,21-T1
2021,1,Tucumán,54.82,21-T1
2020,4,Buenos Aires,68.98,20-T4
2020,4,Capital Federal,108.31,20-T4
2020,4,Catamarca,49.41,20-T4
2020,4,Chaco,43.03,20-T4
2020,4,Chubut,68.35,20-T4
2020,4,Córdoba,78.08,20-T4
2020,4,Corrientes,42.43,20-T4
2020,4,Entre Ríos,59.47,20-T4
2020,4,Formosa,32.49,20-T4
2020,4,Jujuy,53.46,20-T4
2020,4,La Pampa,81.77,20-T4
2020,4,La Rioja,50.11,20-T4
2020,4,Mendoza,38.63,20-T4
2020,4,Misiones,42.64,20-T4
2020,4,Neuquén,67.0,20-T4
2020,4,Río Negro,61.09,20-T4
2020,4,Salta,54.04,20-T4
2020,4,San Juan,36.32,20-T4
2020,4,San Luis,81.68,20-T4
2020,4,Santa Cruz,37.0,20-T4
2020,4,Santa Fe,73.58,20-T4
2020,4,Santiago Del Estero,43.75,20-T4
2020,4,Tierra Del Fuego,76.27,20-T4
2020,4,Tucumán,54.78,20-T4
2020,3,Buenos Aires,67.66,20-T3
2020,3,Capital Federal,107.68,20-T3
2020,3,Catamarca,47.16,20-T3
2020,3,Chaco,41.54,20-T3
2020,3,Chubut,68.34,20-T3
2020,3,Córdoba,75.22,20-T3
2020,3,Corrientes,41.75,20-T3
2020,3,Entre Ríos,58.19,20-T3
2020,3,Formosa,31.91,20-T3
2020,3,Jujuy,54.04,20-T3
2020,3,La Pampa,79.26,20-T3
2020,3,La Rioja,50.12,20-T3
2020,3,Mendoza,37.35,20-T3
2020,3,Misiones,41.6,20-T3
2020,3,Neuquén,65.24,20-T3
2020,3,Río Negro,57.05,20-T3
2020,3,Salta,52.32,20-T3
2020,3,San Juan,38.79,20-T3
2020,3,San Luis,79.96,20-T3
2020,3,Santa Cruz,35.95,20-T3
2020,3,Santa Fe,72.12,20-T3
2020,3,Santiago Del Estero,43.38,20-T3
2020,3,Tierra Del Fuego,76.81,20-T3
2020,3,Tucumán,53.23,20-T3
2020,2,Buenos Aires,65.22,20-T2
2020,2,Capital Federal,106.41,20-T2
2020,2,Catamarca,45.43,20-T2
2020,2,Chaco,39.83,20-T2
2020,2,Chubut,57.34,20-T2
2020,2,Córdoba,72.71,20-T2
2020,2,Corrientes,40.3,20-T2
2020,2,Entre Ríos,56.54,20-T2
2020,2,Formosa,31.14,20-T2
2020,2,Jujuy,47.89,20-T2
2020,2,La Pampa,76.1,20-T2
2020,2,La Rioja,49.84,20-T2
2020,2,Mendoza,36.25,20-T2
2020,2,Misiones,40.89,20-T2
2020,2,Neuquén,63.9,20-T2
2020,2,Río Negro,56.37,20-T2
2020,2,Salta,51.58,20-T2
2020,2,San Juan,35.09,20-T2
2020,2,San Luis,78.41,20-T2
2020,2,Santa Cruz,35.79,20-T2
2020,2,Santa Fe,70.0,20-T2
2020,2,Santiago Del Estero,43.47,20-T2
2020,2,Tierra Del Fuego,76.37,20-T2
2020,2,Tucumán,51.78,20-T2
2020,1,Buenos Aires,64.33,20-T1
2020,1,Capital Federal,105.98,20-T1
2020,1,Catamarca,37.62,20-T1
2020,1,Chaco,37.48,20-T1
2020,1,Chubut,51.27,20-T1
2020,1,Córdoba,70.69,20-T1
2020,1,Corrientes,38.73,20-T1
2020,1,Entre Ríos,56.12,20-T1
2020,1,Formosa,30.23,20-T1
2020,1,Jujuy,46.67,20-T1
2020,1,La Pampa,75.77,20-T1
2020,1,La Rioja,46.35,20-T1
2020,1,Mendoza,33.14,20-T1
2020,1,Misiones,39.02,20-T1
2020,1,Neuquén,61.85,20-T1
2020,1,Río Negro,55.12,20-T1
2020,1,Salta,49.6,20-T1
2020,1,San Juan,32.39,20-T1
2020,1,San Luis,76.31,20-T1
2020,1,Santa Cruz,35.97,20-T1
2020,1,Santa Fe,69.52,20-T1
2020,1,Santiago Del Estero,42.47,20-T1
2020,1,Tierra Del Fuego,76.07,20-T1
2020,1,Tucumán,47.85,20-T1
2019,4,Buenos Aires,64.25,19-T4
2019,4,Capital Federal,106.25,19-T4
2019,4,Catamarca,36.44,19-T4
2019,4,Chaco,36.84,19-T4
2019,4,Chubut,51.15,19-T4
2019,4,Córdoba,70.48,19-T4
2019,4,Corrientes,38.77,19-T4
2019,4,Entre Ríos,57.99,19-T4
2019,4,Formosa,30.47,19-T4
2019,4,Jujuy,45.38,19-T4
2019,4,La Pampa,76.92,19-T4
2019,4,La Rioja,47.14,19-T4
2019,4,Mendoza,33.65,19-T4
2019,4,Misiones,39.79,19-T4
2019,4,Neuquén,59.36,19-T4
2019,4,Río Negro,55.71,19-T4
2019,4,Salta,50.35,19-T4
2019,4,San Juan,32.85,19-T4
2019,4,San Luis,74.92,19-T4
2019,4,Santa Cruz,36.71,19-T4
2019,4,Santa Fe,69.48,19-T4
2019,4,Santiago Del Estero,42.92,19-T4
2019,4,Tierra Del Fuego,79.7,19-T4
2019,4,Tucumán,47.65,19-T4
2019,3,Buenos Aires,69.36,19-T3
2019,3,Capital Federal,112.65,19-T3
2019,3,Catamarca,30.88,19-T3
2019,3,Chaco,35.85,19-T3
2019,3,Chubut,47.57,19-T3
2019,3,Córdoba,68.59,19-T3
2019,3,Corrientes,38.49,19-T3
2019,3,Entre Ríos,57.9,19-T3
2019,3,Formosa,30.11,19-T3
2019,3,Jujuy,44.32,19-T3
2019,3,La Pampa,77.45,19-T3
2019,3,La Rioja,47.94,19-T3
2019,3,Mendoza,40.74,19-T3
2019,3,Misiones,39.33,19-T3
2019,3,Neuquén,64.14,19-T3
2019,3,Río Negro,63.42,19-T3
2019,3,Salta,44.48,19-T3
2019,3,San Juan,37.06,19-T3
2019,3,San Luis,85.23,19-T3
2019,3,Santa Cruz,35.63,19-T3
2019,3,Santa Fe,68.87,19-T3
2019,3,Santiago Del Estero,55.3,19-T3
2019,3,Tierra Del Fuego,96.46,19-T3
2019,3,Tucumán,39.49,19-T3
2019,2,Buenos Aires,67.85,19-T2
2019,2,Capital Federal,110.55,19-T2
2019,2,Catamarca,32.13,19-T2
2019,2,Chaco,34.14,19-T2
2019,2,Chubut,46.99,19-T2
2019,2,Córdoba,68.07,19-T2
2019,2,Corrientes,38.16,19-T2
2019,2,Entre Ríos,57.48,19-T2
2019,2,Formosa,30.42,19-T2
2019,2,Jujuy,44.51,19-T2
2019,2,La Pampa,77.08,19-T2
2019,2,La Rioja,48.7,19-T2
2019,2,Mendoza,40.75,19-T2
2019,2,Misiones,39.15,19-T2
2019,2,Neuquén,63.08,19-T2
2019,2,Río Negro,61.09,19-T2
2019,2,Salta,41.89,19-T2
2019,2,San Juan,35.6,19-T2
2019,2,San Luis,81.79,19-T2
2019,2,Santa Cruz,28.85,19-T2
2019,2,Santa Fe,67.42,19-T2
2019,2,Santiago Del Estero,52.79,19-T2
2019,2,Tierra Del Fuego,94.8,19-T2
2019,2,Tucumán,40.14,19-T2
2019,1,Buenos Aires,66.24,19-T1
2019,1,Capital Federal,109.2,19-T1
2019,1,Catamarca,32.19,19-T1
2019,1,Chaco,32.64,19-T1
2019,1,Chubut,43.0,19-T1
2019,1,Córdoba,65.52,19-T1
2019,1,Corrientes,35.13,19-T1
2019,1,Entre Ríos,56.79,19-T1
2019,1,Formosa,29.68,19-T1
2019,1,Jujuy,46.41,19-T1
2019,1,La Pampa,76.35,19-T1
2019,1,La Rioja,50.18,19-T1
2019,1,Mendoza,37.66,19-T1
2019,1,Misiones,36.26,19-T1
2019,1,Neuquén,58.88,19-T1
2019,1,Río Negro,53.57,19-T1
2019,1,Salta,40.1,19-T1
2019,1,San Juan,31.83,19-T1
2019,1,San Luis,67.34,19-T1
2019,1,Santa Cruz,23.67,19-T1
2019,1,Santa Fe,66.97,19-T1
2019,1,Santiago Del Estero,37.52,19-T1
2019,1,Tierra Del Fuego,93.38,19-T1
2019,1,Tucumán,41.63,19-T1
2018,4,Buenos Aires,64.6,18-T4
2018,4,Capital Federal,108.27,18-T4
2018,4,Catamarca,32.23,18-T4
2018,4,Chaco,32.59,18-T4
2018,4,Chubut,42.61,18-T4
2018,4,Córdoba,65.09,18-T4
2018,4,Corrientes,34.57,18-T4
2018,4,Entre Ríos,54.37,18-T4
2018,4,Formosa,29.74,18-T4
2018,4,Jujuy,46.53,18-T4
2018,4,La Pampa,73.49,18-T4
2018,4,La Rioja,50.35,18-T4
2018,4,Mendoza,37.76,18-T4
2018,4,Misiones,34.45,18-T4
2018,4,Neuquén,59.07,18-T4
2018,4,Río Negro,51.86,18-T4
2018,4,Salta,39.8,18-T4
2018,4,San Juan,31.9,18-T4
2018,4,San Luis,67.55,18-T4
2018,4,Santa Cruz,23.69,18-T4
2018,4,Santa Fe,65.59,18-T4
2018,4,Santiago Del Estero,37.4,18-T4
2018,4,Tierra Del Fuego,93.59,18-T4
2018,4,Tucumán,41.76,18-T4
2018,3,Buenos Aires,64.44,18-T3
2018,3,Capital Federal,108.45,18-T3
2018,3,Catamarca,32.92,18-T3
2018,3,Chaco,32.28,18-T3
2018,3,Chubut,56.39,18-T3
2018,3,Córdoba,64.24,18-T3
2018,3,Corrientes,34.25,18-T3
2018,3,Entre Ríos,50.22,18-T3
2018,3,Formosa,29.58,18-T3
2018,3,Jujuy,23.26,18-T3
2018,3,La Pampa,71.75,18-T3
2018,3,La Rioja,50.73,18-T3
2018,3,Mendoza,37.99,18-T3
2018,3,Misiones,32.1,18-T3
2018,3,Neuquén,60.49,18-T3
2018,3,Río Negro,50.54,18-T3
2018,3,Salta,39.43,18-T3
2018,3,San Juan,33.05,18-T3
2018,3,San Luis,52.35,18-T3
2018,3,Santa Cruz,32.73,18-T3
2018,3,Santa Fe,63.41,18-T3
2018,3,Santiago Del Estero,36.25,18-T3
2018,3,Tierra Del Fuego,92.77,18-T3
2018,3,Tucumán,41.68,18-T3
2018,2,Buenos Aires,62.78,18-T2
2018,2,Capital Federal,106.53,18-T2
2018,2,Catamarca,32.86,18-T2
2018,2,Chaco,31.25,18-T2
2018,2,Chubut,54.9,18-T2
2018,2,Córdoba,63.27,18-T2
2018,2,Corrientes,33.81,18-T2
2018,2,Entre Ríos,49.2,18-T2
2018,2,Formosa,29.43,18-T2
2018,2,Jujuy,23.43,18-T2
2018,2,La Pampa,71.04,18-T2
2018,2,La Rioja,50.98,18-T2
2018,2,Mendoza,36.97,18-T2
2018,2,Misiones,31.63,18-T2
2018,2,Neuquén,60.24,18-T2
2018,2,Río Negro,50.15,18-T2
2018,2,Salta,39.94,18-T2
2018,2,San Juan,32.95,18-T2
2018,2,San Luis,15.15,18-T2
2018,2,Santa Cruz,33.33,18-T2
2018,2,Santa Fe,62.57,18-T2
2018,2,Santiago Del Estero,35.26,18-T2
2018,2,Tierra Del Fuego,91.61,18-T2
2018,2,Tucumán,41.51,18-T2
2018,1,Buenos Aires,62.63,18-T1
2018,1,Capital Federal,106.24,18-T1
2018,1,Catamarca,32.79,18-T1
2018,1,Chaco,30.83,18-T1
2018,1,Chubut,53.72,18-T1
2018,1,Córdoba,63.52,18-T1
2018,1,Corrientes,32.66,18-T1
2018,1,Entre Ríos,48.68,18-T1
2018,1,Formosa,21.4,18-T1
2018,1,Jujuy,23.12,18-T1
2018,1,La Pampa,71.75,18-T1
2018,1,La Rioja,51.44,18-T1
2018,1,Mendoza,37.07,18-T1
2018,1,Misiones,30.96,18-T1
2018,1,Neuquén,61.52,18-T1
2018,1,Río Negro,49.82,18-T1
2018,1,Salta,39.78,18-T1
2018,1,San Juan,32.61,18-T1
2018,1,San Luis,15.15,18-T1
2018,1,Santa Cruz,33.55,18-T1
2018,1,Santa Fe,62.28,18-T1
2018,1,Santiago Del Estero,34.99,18-T1
2018,1,Tierra Del Fuego,65.2,18-T1
2018,1,Tucumán,41.18,18-T1
2017,4,Buenos Aires,57.61,17-T4
2017,4,Capital Federal,122.9,17-T4
2017,4,Catamarca,28.62,17-T4
2017,4,Chaco,30.81,17-T4
2017,4,Chubut,51.46,17-T4
2017,4,Córdoba,63.33,17-T4
2017,4,Corrientes,32.52,17-T4
2017,4,Entre Ríos,47.89,17-T4
2017,4,Formosa,21.27,17-T4
2017,4,Jujuy,22.74,17-T4
2017,4,La Pampa,71.05,17-T4
2017,4,La Rioja,51.57,17-T4
2017,4,Mendoza,33.33,17-T4
2017,4,Misiones,31.14,17-T4
2017,4,Neuquén,61.24,17-T4
2017,4,Río Negro,49.38,17-T4
2017,4,Salta,39.8,17-T4
2017,4,San Juan,30.3,17-T4
2017,4,San Luis,10.59,17-T4
2017,4,Santa Cruz,28.91,17-T4
2017,4,Santa Fe,61.71,17-T4
2017,4,Santiago Del Estero,29.13,17-T4
2017,4,Tierra Del Fuego,59.89,17-T4
2017,4,Tucumán,39.9,17-T4
2017,3,Buenos Aires,55.63,17-T3
2017,3,Capital Federal,121.86,17-T3
2017,3,Catamarca,32.49,17-T3
2017,3,Chaco,29.98,17-T3
2017,3,Chubut,46.22,17-T3
2017,3,Córdoba,62.31,17-T3
2017,3,Corrientes,32.17,17-T3
2017,3,Entre Ríos,45.96,17-T3
2017,3,Formosa,21.35,17-T3
2017,3,Jujuy,22.65,17-T3
2017,3,La Pampa,69.14,17-T3
2017,3,La Rioja,51.47,17-T3
2017,3,Mendoza,35.7,17-T3
2017,3,Misiones,30.21,17-T3
2017,3,Neuquén,60.83,17-T3
2017,3,Río Negro,48.52,17-T3
2017,3,Salta,39.84,17-T3
2017,3,San Juan,32.37,17-T3
2017,3,San Luis,15.48,17-T3
2017,3,Santa Cruz,33.29,17-T3
2017,3,Santa Fe,60.91,17-T3
2017,3,Santiago Del Estero,35.12,17-T3
2017,3,Tierra Del Fuego,65.74,17-T3
2017,3,Tucumán,39.7,17-T3
2017,2,Buenos Aires,56.27,17-T2
2017,2,Capital Federal,124.06,17-T2
2017,2,Catamarca,25.98,17-T2
2017,2,Chaco,29.05,17-T2
2017,2,Chubut,35.55,17-T2
2017,2,Córdoba,58.97,17-T2
2017,2,Corrientes,31.39,17-T2
2017,2,Entre Ríos,45.39,17-T2
2017,2,Formosa,19.97,17-T2
2017,2,Jujuy,22.4,17-T2
2017,2,La Pampa,63.49,17-T2
2017,2,La Rioja,16.2,17-T2
2017,2,Mendoza,31.76,17-T2
2017,2,Misiones,30.09,17-T2
2017,2,Neuquén,61.91,17-T2
2017,2,Río Negro,46.02,17-T2
2017,2,Salta,32.74,17-T2
2017,2,San Juan,26.96,17-T2
2017,2,San Luis,9.51,17-T2
2017,2,Santa Cruz,26.25,17-T2
2017,2,Santa Fe,52.27,17-T2
2017,2,Santiago Del Estero,14.12,17-T2
2017,2,Tierra Del Fuego,68.46,17-T2
2017,2,Tucumán,38.19,17-T2
2017,1,Buenos Aires,58.57,17-T1
2017,1,Capital Federal,108.37,17-T1
2017,1,Catamarca,25.66,17-T1
2017,1,Chaco,28.62,17-T1
2017,1,Chubut,35.66,17-T1
2017,1,Córdoba,57.65,17-T1
2017,1,Corrientes,30.94,17-T1
2017,1,Entre Ríos,44.91,17-T1
2017,1,Formosa,19.84,17-T1
2017,1,Jujuy,22.76,17-T1
2017,1,La Pampa,62.67,17-T1
2017,1,La Rioja,16.2,17-T1
2017,1,Mendoza,31.84,17-T1
2017,1,Misiones,29.52,17-T1
2017,1,Neuquén,61.02,17-T1
2017,1,Río Negro,46.03,17-T1
2017,1,Salta,32.58,17-T1
2017,1,San Juan,27.04,17-T1
2017,1,San Luis,9.55,17-T1
2017,1,Santa Cruz,26.52,17-T1
2017,1,Santa Fe,51.97,17-T1
2017,1,Santiago Del Estero,14.7,17-T1
2017,1,Tierra Del Fuego,68.92,17-T1
2017,1,Tucumán,37.9,17-T1
2016,4,Buenos Aires,61.24,16-T4
2016,4,Capital Federal,120.63,16-T4
2016,4,Catamarca,26.54,16-T4
2016,4,Chaco,28.79,16-T4
2016,4,Chubut,36.07,16-T4
2016,4,Córdoba,57.7,16-T4
2016,4,Corrientes,30.98,16-T4
2016,4,Entre Ríos,45.21,16-T4
2016,4,Formosa,19.85,16-T4
2016,4,Jujuy,22.65,16-T4
2016,4,La Pampa,63.02,16-T4
2016,4,La Rioja,16.46,16-T4
2016,4,Mendoza,32.11,16-T4
2016,4,Misiones,29.72,16-T4
2016,4,Neuquén,60.87,16-T4
2016,4,Río Negro,46.39,16-T4
2016,4,Salta,32.69,16-T4
2016,4,San Juan,27.29,16-T4
2016,4,San Luis,9.64,16-T4
2016,4,Santa Cruz,27.05,16-T4
2016,4,Santa Fe,52.19,16-T4
2016,4,Santiago Del Estero,15.07,16-T4
2016,4,Tierra Del Fuego,70.31,16-T4
2016,4,Tucumán,37.98,16-T4
2016,3,Buenos Aires,60.14,16-T3
2016,3,Capital Federal,120.77,16-T3
2016,3,Catamarca,26.48,16-T3
2016,3,Chaco,28.91,16-T3
2016,3,Chubut,36.18,16-T3
2016,3,Córdoba,58.24,16-T3
2016,3,Corrientes,31.07,16-T3
2016,3,Entre Ríos,45.44,16-T3
2016,3,Formosa,18.64,16-T3
2016,3,Jujuy,22.61,16-T3
2016,3,La Pampa,61.73,16-T3
2016,3,La Rioja,17.07,16-T3
2016,3,Mendoza,32.09,16-T3
2016,3,Misiones,29.91,16-T3
2016,3,Neuquén,60.21,16-T3
2016,3,Río Negro,46.39,16-T3
2016,3,Salta,32.96,16-T3
2016,3,San Juan,27.32,16-T3
2016,3,San Luis,9.63,16-T3
2016,3,Santa Cruz,26.84,16-T3
2016,3,Santa Fe,52.67,16-T3
2016,3,Santiago Del Estero,15.33,16-T3
2016,3,Tierra Del Fuego,68.94,16-T3
2016,3,Tucumán,37.9,16-T3
2016,2,Buenos Aires,59.34,16-T2
2016,2,Capital Federal,120.04,16-T2
2016,2,Catamarca,26.07,16-T2
2016,2,Chaco,28.59,16-T2
2016,2,Chubut,36.12,16-T2
2016,2,Córdoba,57.55,16-T2
2016,2,Corrientes,30.58,16-T2
2016,2,Entre Ríos,44.74,16-T2
2016,2,Formosa,19.37,16-T2
2016,2,Jujuy,21.89,16-T2
2016,2,La Pampa,60.44,16-T2
2016,2,La Rioja,16.88,16-T2
2016,2,Mendoza,32.13,16-T2
2016,2,Misiones,29.24,16-T2
2016,2,Neuquén,59.1,16-T2
2016,2,Río Negro,46.24,16-T2
2016,2,Salta,32.08,16-T2
2016,2,San Juan,27.34,16-T2
2016,2,San Luis,9.6,16-T2
2016,2,Santa Cruz,26.73,16-T2
2016,2,Santa Fe,52.44,16-T2
2016,2,Santiago Del Estero,15.89,16-T2
2016,2,Tierra Del Fuego,67.72,16-T2
2016,2,Tucumán,37.24,16-T2
2016,1,Buenos Aires,57.34,16-T1
2016,1,Capital Federal,115.16,16-T1
2016,1,Catamarca,25.91,16-T1
2016,1,Chaco,28.08,16-T1
2016,1,Chubut,36.09,16-T1
2016,1,Córdoba,55.28,16-T1
2016,1,Corrientes,30.08,16-T1
2016,1,Entre Ríos,43.85,16-T1
2016,1,Formosa,19.04,16-T1
2016,1,Jujuy,21.41,16-T1
2016,1,La Pampa,57.84,16-T1
2016,1,La Rioja,16.83,16-T1
2016,1,Mendoza,32.12,16-T1
2016,1,Misiones,28.37,16-T1
2016,1,Neuquén,55.75,16-T1
2016,1,Río Negro,45.84,16-T1
2016,1,Salta,31.32,16-T1
2016,1,San Juan,27.33,16-T1
2016,1,San Luis,9.59,16-T1
2016,1,Santa Cruz,26.87,16-T1
2016,1,Santa Fe,51.28,16-T1
2016,1,Santiago Del Estero,16.21,16-T1
2016,1,Tierra Del Fuego,65.83,16-T1
2016,1,Tucumán,36.72,16-T1
2015,4,Buenos Aires,58.29,15-T4
2015,4,Capital Federal,118.13,15-T4
2015,4,Catamarca,26.24,15-T4
2015,4,Chaco,28.35,15-T4
2015,4,Chubut,36.89,15-T4
2015,4,Córdoba,57.36,15-T4
2015,4,Corrientes,30.34,15-T4
2015,4,Entre Ríos,44.11,15-T4
2015,4,Formosa,19.07,15-T4
2015,4,Jujuy,21.47,15-T4
2015,4,La Pampa,58.76,15-T4
2015,4,La Rioja,17.32,15-T4
2015,4,Mendoza,32.49,15-T4
2015,4,Misiones,28.69,15-T4
2015,4,Neuquén,58.29,15-T4
2015,4,Río Negro,46.44,15-T4
2015,4,Salta,31.59,15-T4
2015,4,San Juan,27.66,15-T4
2015,4,San Luis,9.71,15-T4
2015,4,Santa Cruz,27.74,15-T4
2015,4,Santa Fe,52.61,15-T4
2015,4,Santiago Del Estero,17.0,15-T4
2015,4,Tierra Del Fuego,66.46,15-T4
2015,4,Tucumán,37.06,15-T4
2015,3,Buenos Aires,57.69,15-T3
2015,3,Capital Federal,118.29,15-T3
2015,3,Catamarca,25.86,15-T3
2015,3,Chaco,27.96,15-T3
2015,3,Chubut,36.81,15-T3
2015,3,Córdoba,57.08,15-T3
2015,3,Corrientes,30.17,15-T3
2015,3,Entre Ríos,43.68,15-T3
2015,3,Formosa,18.84,15-T3
2015,3,Jujuy,21.27,15-T3
2015,3,La Pampa,57.96,15-T3
2015,3,La Rioja,17.15,15-T3
2015,3,Mendoza,32.49,15-T3
2015,3,Misiones,28.31,15-T3
2015,3,Neuquén,54.6,15-T3
2015,3,Río Negro,46.39,15-T3
2015,3,Salta,31.18,15-T3
2015,3,San Juan,27.67,15-T3
2015,3,San Luis,9.71,15-T3
2015,3,Santa Cruz,27.61,15-T3
2015,3,Santa Fe,52.15,15-T3
2015,3,Santiago Del Estero,17.12,15-T3
2015,3,Tierra Del Fuego,74.86,15-T3
2015,3,Tucumán,36.61,15-T3
2015,2,Buenos Aires,56.8,15-T2
2015,2,Capital Federal,116.07,15-T2
2015,2,Catamarca,25.45,15-T2
2015,2,Chaco,27.46,15-T2
2015,2,Chubut,36.58,15-T2
2015,2,Córdoba,55.87,15-T2
2015,2,Corrientes,29.58,15-T2
2015,2,Entre Ríos,42.93,15-T2
2015,2,Formosa,18.36,15-T2
2015,2,Jujuy,20.29,15-T2
2015,2,La Pampa,56.71,15-T2
2015,2,La Rioja,16.88,15-T2
2015,2,Mendoza,32.49,15-T2
2015,2,Misiones,27.35,15-T2
2015,2,Neuquén,53.12,15-T2
2015,2,Río Negro,45.98,15-T2
2015,2,Salta,30.46,15-T2
2015,2,San Juan,27.64,15-T2
2015,2,San Luis,9.71,15-T2
2015,2,Santa Cruz,27.07,15-T2
2015,2,Santa Fe,51.18,15-T2
2015,2,Santiago Del Estero,17.11,15-T2
2015,2,Tierra Del Fuego,74.51,15-T2
2015,2,Tucumán,35.69,15-T2
2015,1,Buenos Aires,56.37,15-T1
2015,1,Capital Federal,114.9,15-T1
2015,1,Catamarca,25.11,15-T1
2015,1,Chaco,26.65,15-T1
2015,1,Chubut,37.61,15-T1
2015,1,Córdoba,54.7,15-T1
2015,1,Corrientes,28.95,15-T1
2015,1,Entre Ríos,42.07,15-T1
2015,1,Formosa,18.12,15-T1
2015,1,Jujuy,19.69,15-T1
2015,1,La Pampa,55.51,15-T1
2015,1,La Rioja,16.7,15-T1
2015,1,Mendoza,32.37,15-T1
2015,1,Misiones,26.31,15-T1
2015,1,Neuquén,51.95,15-T1
2015,1,Río Negro,45.33,15-T1
2015,1,Salta,30.01,15-T1
2015,1,San Juan,27.55,15-T1
2015,1,San Luis,9.72,15-T1
2015,1,Santa Cruz,27.99,15-T1
2015,1,Santa Fe,50.24,15-T1
2015,1,Santiago Del Estero,17.06,15-T1
2015,1,Tierra Del Fuego,74.23,15-T1
2015,1,Tucumán,35.08,15-T1
2014,4,Buenos Aires,56.09,14-T4
2014,4,Capital Federal,114.9,14-T4
2014,4,Catamarca,25.51,14-T4
2014,4,Chaco,21.87,14-T4
2014,4,Chubut,40.25,14-T4
2014,4,Córdoba,54.7,14-T4
2014,4,Corrientes,23.56,14-T4
2014,4,Entre Ríos,36.03,14-T4
2014,4,Formosa,17.96,14-T4
2014,4,Jujuy,19.6,14-T4
2014,4,La Pampa,51.27,14-T4
2014,4,La Rioja,17.01,14-T4
2014,4,Mendoza,32.64,14-T4
2014,4,Misiones,24.16,14-T4
2014,4,Neuquén,52.55,14-T4
2014,4,Río Negro,45.48,14-T4
2014,4,Salta,29.53,14-T4
2014,4,San Juan,28.04,14-T4
2014,4,San Luis,9.79,14-T4
2014,4,Santa Cruz,27.8,14-T4
2014,4,Santa Fe,50.0,14-T4
2014,4,Santiago Del Estero,17.27,14-T4
2014,4,Tierra Del Fuego,66.14,14-T4
2014,4,Tucumán,35.32,14-T4
2014,3,Buenos Aires,56.75,14-T3
2014,3,Capital Federal,113.8,14-T3
2014,3,Catamarca,24.71,14-T3
2014,3,Chaco,21.11,14-T3
2014,3,Chubut,40.6,14-T3
2014,3,Córdoba,54.23,14-T3
2014,3,Corrientes,22.79,14-T3
2014,3,Entre Ríos,34.98,14-T3
2014,3,Formosa,17.77,14-T3
2014,3,Jujuy,18.37,14-T3
2014,3,La Pampa,55.78,14-T3
2014,3,La Rioja,16.51,14-T3
2014,3,Mendoza,32.31,14-T3
2014,3,Misiones,23.57,14-T3
2014,3,Neuquén,56.4,14-T3
2014,3,Río Negro,46.2,14-T3
2014,3,Salta,29.22,14-T3
2014,3,San Juan,27.85,14-T3
2014,3,San Luis,9.71,14-T3
2014,3,Santa Cruz,28.23,14-T3
2014,3,Santa Fe,49.2,14-T3
2014,3,Santiago Del Estero,16.49,14-T3
2014,3,Tierra Del Fuego,65.69,14-T3
2014,3,Tucumán,33.94,14-T3
2014,2,Buenos Aires,55.06,14-T2
2014,2,Capital Federal,113.14,14-T2
2014,2,Catamarca,24.7,14-T2
2014,2,Chaco,20.96,14-T2
2014,2,Chubut,41.41,14-T2
2014,2,Córdoba,53.45,14-T2
2014,2,Corrientes,22.58,14-T2
2014,2,Entre Ríos,34.69,14-T2
2014,2,Formosa,17.54,14-T2
2014,2,Jujuy,18.71,14-T2
2014,2,La Pampa,49.71,14-T2
2014,2,La Rioja,16.5,14-T2
2014,2,Mendoza,32.1,14-T2
2014,2,Misiones,23.37,14-T2
2014,2,Neuquén,50.84,14-T2
2014,2,Río Negro,45.33,14-T2
2014,2,Salta,28.91,14-T2
2014,2,San Juan,27.78,14-T2
2014,2,San Luis,9.72,14-T2
2014,2,Santa Cruz,29.38,14-T2
2014,2,Santa Fe,48.39,14-T2
2014,2,Santiago Del Estero,16.7,14-T2
2014,2,Tierra Del Fuego,64.36,14-T2
2014,2,Tucumán,33.94,14-T2
2014,1,Buenos Aires,54.57,14-T1
2014,1,Capital Federal,112.25,14-T1
2014,1,Catamarca,24.25,14-T1
2014,1,Chaco,20.72,14-T1
2014,1,Chubut,41.24,14-T1
2014,1,Córdoba,52.52,14-T1
2014,1,Corrientes,22.32,14-T1
2014,1,Entre Ríos,34.37,14-T1
2014,1,Formosa,17.42,14-T1
2014,1,Jujuy,18.42,14-T1
2014,1,La Pampa,48.43,14-T1
2014,1,La Rioja,16.29,14-T1
2014,1,Mendoza,31.91,14-T1
2014,1,Misiones,23.14,14-T1
2014,1,Neuquén,49.79,14-T1
2014,1,Río Negro,44.91,14-T1
2014,1,Salta,28.7,14-T1
2014,1,San Juan,27.6,14-T1
2014,1,San Luis,9.35,14-T1
2014,1,Santa Cruz,28.94,14-T1
2014,1,Santa Fe,47.85,14-T1
2014,1,Santiago Del Estero,16.31,14-T1
2014,1,Tierra Del Fuego,63.97,14-T1
2014,1,Tucumán,33.42,14-T1
